Time,Mx,My,Mz,Vx,Vy,Vz
1758118433.6937156,132.45499999999998,69.573,-191.88399999999996,16,16,-20
1758118436.766718,132.711,69.67999999999999,-183.532,16,16,-19
1758118439.8339298,132.73399999999998,70.428,-174.189,16,16,-18
1758118442.9018557,132.911,70.616,-164.848,16,16,-17
1758118445.9717505,133.05599999999998,70.46699999999998,-156.05400000000003,16,16,-16
1758118449.040651,133.28300000000002,70.80100000000002,-147.398,16,16,-15
1758118452.1137571,132.829,71.175,-138.55,16,16,-14
1758118455.170524,132.97199999999998,71.60700000000001,-129.533,16,16,-13
1758118458.1467113,119.869,71.66000000000001,-120.66000000000001,16,16,-12
1758118461.2173078,132.95300000000003,71.787,-111.78000000000002,16,16,-11
1758118464.1779237,119.88400000000001,72.313,-102.463,16,16,-10
1758118467.2509592,132.95,72.56299999999999,-92.96300000000001,16,16,-9
1758118470.3246424,133.098,72.99799999999999,-84.228,16,16,-8
1758118473.3953671,133.33300000000003,73.41600000000001,-74.80600000000001,16,16,-7
1758118476.464921,133.19199999999998,73.476,-65.71700000000001,16,16,-6
1758118479.5308938,133.277,73.47299999999998,-56.98499999999999,16,16,-5
1758118482.4891987,120.248,73.788,-47.549,16,16,-4
1758118485.56925,133.314,73.91300000000001,-39.073,16,16,-3
1758118488.527004,126.92200000000003,74.36399999999999,-29.750999999999998,16,16,-2
1758118491.5937698,133.578,74.52000000000001,-20.712,16,16,-1
1758118494.6610935,133.238,74.61500000000001,-11.441,16,16,0
1758118497.6308084,132.998,75.01599999999999,-11.251999999999999,16,16,1
1758118500.6999042,133.20700000000002,75.08500000000001,-1.7710000000000001,16,16,2
1758118503.6565921,124.723,75.43,1.9979999999999998,16,16,3
1758118506.7384026,133.053,75.98299999999999,11.024000000000001,16,16,4
1758118509.8078668,133.13600000000002,76.179,20.871000000000002,16,16,5
1758118512.8776598,133.172,76.148,32.885,16,16,6
1758118515.9477952,133.58399999999997,76.62100000000001,42.593999999999994,16,16,7
1758118519.0042436,133.666,76.62199999999999,54.65500000000001,16,16,8
1758118522.086306,133.658,77.321,63.425,16,16,9
1758118525.1418145,134.079,77.174,72.06400000000001,16,16,10
1758118528.2101367,133.795,77.091,80.964,16,16,11
1758118531.2876034,134.229,77.672,90.27600000000001,16,16,12
1758118534.3615232,134.23899999999998,78.07,99.631,16,16,13
1758118537.4196534,134.274,78.52300000000001,108.46900000000001,16,16,14
1758118540.5021665,134.41,78.36699999999999,117.131,16,16,15
1758118543.5687954,134.39700000000002,78.571,124.777,16,16,16
1758118546.6347964,134.282,78.974,132.686,16,16,17
1758118549.7076786,134.504,79.49400000000001,141.78500000000003,16,16,18
1758118552.7757883,134.308,79.767,150.48499999999999,16,16,19
1758118555.7510684,120.654,80.304,160.18400000000003,16,16,20
1758118558.8170955,132.083,76.29199999999999,-192.393,16,17,-20
1758118561.8784637,131.925,76.572,-183.41,16,17,-19
1758118564.9513958,132.083,76.88899999999998,-174.473,16,17,-18
1758118567.9142182,119.23099999999997,77.33599999999998,-164.927,16,17,-17
1758118570.9911952,132.385,77.37,-156.08300000000003,16,17,-16
1758118574.0595994,132.36999999999998,77.739,-147.511,16,17,-15
1758118577.0367222,122.453,78.14099999999999,-138.435,16,17,-14
1758118580.1040301,132.4,78.406,-129.826,16,17,-13
1758118583.1698127,132.49200000000002,78.347,-120.50399999999999,16,17,-12
1758118586.2354121,132.355,78.682,-112.223,16,17,-11
1758118589.3078241,132.538,78.916,-102.819,16,17,-10
1758118592.378099,132.688,79.162,-93.98400000000001,16,17,-9
1758118595.444977,132.58599999999996,79.23600000000002,-84.77700000000002,16,17,-8
1758118598.4190795,119.31999999999998,79.836,-75.388,16,17,-7
1758118601.4885051,132.537,79.944,-66.407,16,17,-6
1758118604.5541615,132.704,79.99900000000001,-57.645,16,17,-5
1758118607.6240566,132.84700000000004,80.35799999999999,-48.635999999999996,16,17,-4
1758118610.694793,133.06900000000002,80.79400000000001,-39.252,16,17,-3
1758118613.7625372,132.679,80.974,-30.664000000000005,16,17,-2
1758118616.831034,132.762,81.25999999999999,-21.521,16,17,-1
1758118619.8962307,132.88600000000002,81.876,-12.693999999999999,16,17,0
1758118622.9665117,132.986,81.82,-6.455,16,17,1
1758118626.0224342,132.79500000000002,82.269,0.26599999999999996,16,17,2
1758118629.0911138,132.997,82.61500000000001,6.747,16,17,3
1758118632.1599727,133.252,82.82300000000001,16.578,16,17,4
1758118635.1373744,133.40500000000003,83.013,25.181,16,17,5
1758118638.1964474,133.224,82.98899999999999,33.999,16,17,6
1758118641.1718173,123.133,83.06199999999998,42.775999999999996,16,17,7
1758118644.2393441,133.362,83.263,51.29299999999999,16,17,8
1758118647.3045363,133.26399999999998,83.693,60.208000000000006,16,17,9
1758118650.2785504,120.61499999999998,83.93400000000001,69.05699999999999,16,17,10
1758118653.346842,133.768,84.143,77.58,16,17,11
1758118656.4126565,133.69,83.97200000000001,88.277,16,17,12
1758118659.479454,133.8,83.86699999999999,96.34200000000001,16,17,13
1758118662.5507667,133.88299999999998,84.482,106.751,16,17,14
1758118665.620676,134.176,84.693,114.44800000000001,16,17,15
1758118668.691394,134.099,85.59899999999998,123.53799999999998,16,17,16
1758118671.7579184,134.265,85.798,131.331,16,17,17
1758118674.8440976,134.345,85.737,139.826,16,17,18
1758118677.895919,134.252,85.958,151.01500000000001,16,17,19
1758118680.969364,134.305,86.185,159.48399999999998,16,17,20
1758118684.0362256,132.294,82.697,-192.38400000000001,16,18,-20
1758118687.1062224,132.287,82.869,-183.25000000000006,16,18,-19
1758118690.1767008,132.346,83.261,-174.792,16,18,-18
1758118693.2578187,132.467,83.75,-165.349,16,18,-17
1758118696.3272204,132.562,83.679,-156.336,16,18,-16
1758118699.381288,132.881,84.04700000000001,-147.23999999999998,16,18,-15
1758118702.3635867,132.663,84.174,-138.786,16,18,-14
1758118705.4337804,132.901,84.46,-130.014,16,18,-13
1758118708.4930236,132.801,84.643,-121.33800000000001,16,18,-12
1758118711.5619857,132.916,84.953,-111.758,16,18,-11
1758118714.6435537,132.847,85.31500000000001,-102.522,16,18,-10
1758118717.7111092,132.91,85.41,-93.726,16,18,-9
1758118720.784456,132.97899999999998,85.647,-84.46,16,18,-8
1758118723.8406348,133.032,86.054,-74.831,16,18,-7
1758118726.9191618,133.053,86.31500000000001,-66.361,16,18,-6
1758118729.978552,132.98700000000002,86.41499999999999,-57.00300000000001,16,18,-5
1758118733.0460339,133.05299999999997,86.66900000000001,-47.349000000000004,16,18,-4
1758118736.1133337,133.238,86.861,-38.604,16,18,-3
1758118739.085821,133.21,87.261,-29.851,16,18,-2
1758118742.1501513,133.446,87.30200000000002,-20.764999999999997,16,18,-1
1758118745.2245166,133.386,87.561,-11.874,16,18,0
1758118748.2897937,133.552,87.55499999999999,-4.426,16,18,1
1758118751.3581018,133.522,87.99,4.596,16,18,2
1758118754.3296525,123.88699999999999,88.362,12.617,16,18,3
1758118757.3999,133.659,88.946,20.899000000000004,16,18,4
1758118760.460261,133.589,88.53099999999999,29.345,16,18,5
1758118763.423587,121.468,88.886,37.617000000000004,16,18,6
1758118766.5003397,134.405,89.66,46.095000000000006,16,18,7
1758118769.5617404,134.099,89.507,54.48699999999999,16,18,8
1758118772.641469,134.37900000000002,90.001,62.642999999999994,16,18,9
1758118775.699139,134.37199999999999,90.126,71.25300000000001,16,18,10
1758118778.7637515,134.277,90.33599999999998,80.987,16,18,11
1758118781.8500981,134.13100000000003,90.636,89.34799999999998,16,18,12
1758118784.9090412,134.411,90.901,98.78200000000001,16,18,13
1758118787.9845812,134.399,91.177,106.31299999999999,16,18,14
1758118791.0452304,134.31900000000002,91.628,115.792,16,18,15
1758118794.1282732,134.55900000000003,91.778,125.25600000000001,16,18,16
1758118797.1869338,134.19799999999998,91.962,133.466,16,18,17
1758118800.2632315,134.762,92.441,142.467,16,18,18
1758118803.3343432,134.79199999999997,92.352,150.52900000000002,16,18,19
1758118806.396031,134.87600000000003,92.93199999999999,158.46800000000002,16,18,20
1758118809.3715174,119.61099999999999,89.101,-193.27800000000002,16,19,-20
1758118812.4399703,132.726,89.57700000000001,-184.38000000000002,16,19,-19
1758118815.4138117,119.47600000000003,89.403,-175.83199999999997,16,19,-18
1758118818.4714732,132.715,89.845,-166.11999999999998,16,19,-17
1758118821.4504373,128.806,89.98500000000001,-157.04299999999998,16,19,-16
1758118824.5107899,132.935,90.259,-148.711,16,19,-15
1758118827.4858806,126.606,90.49100000000001,-139.411,16,19,-14
1758118830.4483826,120.78299999999999,90.714,-131.176,16,19,-13
1758118833.5207772,132.848,91.26599999999999,-121.72,16,19,-12
1758118836.5897374,132.91000000000003,91.32200000000002,-112.58100000000002,16,19,-11
1758118839.6602345,133.192,91.80799999999999,-103.104,16,19,-10
1758118842.6212113,120.33699999999999,92.124,-94.489,16,19,-9
1758118845.589605,119.82200000000003,92.078,-85.226,16,19,-8
1758118848.657523,133.31,92.362,-76.17600000000002,16,19,-7
1758118851.7346897,133.12900000000002,92.63999999999999,-66.497,16,19,-6
1758118854.7930467,133.256,93.03999999999999,-57.65599999999999,16,19,-5
1758118857.7723897,133.655,93.292,-48.801,16,19,-4
1758118860.8307402,133.502,93.66000000000001,-39.47,16,19,-3
1758118863.8975275,133.566,93.76899999999999,-30.314000000000004,16,19,-2
1758118866.874899,133.611,93.99699999999999,-21.141999999999996,16,19,-1
1758118869.9389389,133.23999999999998,94.04100000000001,-12.633,16,19,0
1758118873.0049224,133.378,94.522,-4.008,16,19,1
1758118875.971481,120.333,94.58999999999999,4.516,16,19,2
1758118879.0373504,133.54899999999995,94.88700000000001,12.782999999999998,16,19,3
1758118882.11679,133.73000000000002,95.07300000000001,20.705,16,19,4
1758118885.1834633,133.801,95.457,29.426,16,19,5
1758118888.2518933,133.749,95.65,37.751999999999995,16,19,6
1758118891.3226116,133.851,95.804,46.544,16,19,7
1758118894.3782806,133.882,96.18699999999998,54.547000000000004,16,19,8
1758118897.4468741,134.026,96.189,63.036,16,19,9
1758118900.5262291,134.317,96.67199999999998,71.605,16,19,10
1758118903.5846345,134.06,96.846,80.125,16,19,11
1758118906.651933,134.25699999999998,97.00399999999999,89.00999999999998,16,19,12
1758118909.6261318,134.40500000000003,97.2,98.46000000000001,16,19,13
1758118912.691377,134.46599999999998,97.429,107.26500000000001,16,19,14
1758118915.6644404,134.34400000000002,97.667,115.845,16,19,15
1758118918.7287412,134.473,97.83699999999999,124.48700000000001,16,19,16
1758118921.699774,124.45,98.008,133.74999999999997,16,19,17
1758118924.7710662,134.627,98.248,142.60000000000002,16,19,18
1758118927.8359988,134.43900000000002,98.46000000000001,150.82600000000002,16,19,19
1758118930.8077812,134.533,98.78799999999998,160.264,16,19,20
1758118933.8871872,132.897,95.143,-193.274,16,20,-20
1758118936.95864,132.53,95.23599999999999,-183.545,16,20,-19
1758118940.0127168,132.61800000000002,95.89699999999999,-174.747,16,20,-18
1758118943.0837085,132.899,96.247,-166.073,16,20,-17
1758118946.1702023,132.863,96.348,-156.86700000000002,16,20,-16
1758118949.2269278,132.815,96.513,-147.31599999999997,16,20,-15
1758118952.3051932,132.91100000000003,96.59700000000001,-139.13899999999998,16,20,-14
1758118955.3736198,132.791,96.735,-130.608,16,20,-13
1758118958.4459438,132.878,97.0,-121.04100000000001,16,20,-12
1758118961.5165412,132.61100000000002,97.503,-112.174,16,20,-11
1758118964.5819416,132.927,97.86699999999999,-103.136,16,20,-10
1758118967.6564696,133.055,98.026,-93.919,16,20,-9
1758118970.7238069,133.031,98.22500000000001,-85.12199999999999,16,20,-8
1758118973.7931194,133.06,98.62,-76.46,16,20,-7
1758118976.8620045,133.03000000000003,98.844,-67.172,16,20,-6
1758118979.9307084,133.02100000000002,99.297,-57.650999999999996,16,20,-5
1758118983.0038776,133.127,99.262,-48.63600000000001,16,20,-4
1758118986.0715714,133.504,100.006,-39.349000000000004,16,20,-3
1758118989.1392806,133.65099999999998,99.90500000000002,-30.595,16,20,-2
1758118992.20864,133.60200000000003,100.116,-21.456,16,20,-1
1758118995.2717636,133.645,100.429,-12.461,16,20,0
1758118998.2366817,121.26000000000002,100.26,-5.636,16,20,1
1758119001.3172095,133.40699999999998,100.504,2.61,16,20,2
1758119004.3698542,133.64700000000002,100.958,11.915000000000001,16,20,3
1758119007.3456397,120.36500000000001,101.126,20.618000000000002,16,20,4
1758119010.4203875,134.123,101.13999999999999,29.069,16,20,5
1758119013.4924471,133.662,101.737,37.36900000000001,16,20,6
1758119016.561066,133.804,101.86399999999999,45.719,16,20,7
1758119019.6238875,134.00499999999997,101.826,54.46100000000001,16,20,8
1758119022.5961287,121.78299999999999,102.171,62.53099999999999,16,20,9
1758119025.659711,134.207,102.43999999999998,71.465,16,20,10
1758119028.627472,123.201,102.34700000000001,80.123,16,20,11
1758119031.7043104,134.35999999999999,102.51899999999998,88.631,16,20,12
1758119034.773153,134.63799999999998,102.73200000000001,96.91,16,20,13
1758119037.7360258,121.91400000000002,103.00900000000001,106.41900000000001,16,20,14
1758119040.7172687,121.82300000000001,103.425,114.34699999999998,16,20,15
1758119043.7809243,134.555,103.80699999999999,123.05999999999999,16,20,16
1758119046.7590058,122.03899999999999,104.375,131.526,16,20,17
1758119049.8222244,135.035,104.38699999999999,142.26,16,20,18
1758119052.8948364,135.195,104.505,151.117,16,20,19
1758119055.961543,134.93699999999998,104.826,159.07700000000003,16,20,20
1758119059.0464277,129.294,-168.466,-177.246,17,-20,-20
1758119062.1174939,129.17900000000003,-168.40699999999998,-168.36,17,-20,-19
1758119065.1831975,129.39299999999997,-168.067,-159.94599999999997,17,-20,-18
1758119068.2551708,129.406,-167.656,-151.32,17,-20,-17
1758119071.3233747,129.542,-167.19699999999997,-142.27300000000002,17,-20,-16
1758119074.3941631,129.451,-167.15699999999998,-134.099,17,-20,-15
1758119077.4646137,129.60500000000002,-165.975,-125.446,17,-20,-14
1758119080.5482838,129.78400000000002,-165.975,-117.39700000000002,17,-20,-13
1758119083.6155128,129.467,-165.36200000000002,-108.89499999999998,17,-20,-12
1758119086.6893346,129.659,-165.45800000000003,-100.285,17,-20,-11
1758119089.7555213,129.811,-166.87999999999997,-91.775,17,-20,-10
1758119092.8271172,129.79000000000002,-166.55799999999996,-83.46,17,-20,-9
1758119095.8959842,129.981,-166.183,-74.25,17,-20,-8
1758119098.9648144,129.954,-165.582,-65.755,17,-20,-7
1758119102.0335727,130.038,-165.315,-57.431000000000004,17,-20,-6
1758119105.1017122,129.973,-165.20300000000003,-48.491,17,-20,-5
1758119108.1856658,130.043,-165.106,-40.143,17,-20,-4
1758119111.2471657,130.32800000000003,-164.464,-31.393,17,-20,-3
1758119114.3109076,130.329,-164.45300000000003,-22.600000000000005,17,-20,-2
1758119117.3986301,130.343,-164.31,-14.209999999999999,17,-20,-1
1758119120.46261,130.001,-164.197,-5.411,17,-20,0
1758119123.5301669,129.977,-163.747,0.86,17,-20,1
1758119126.586681,130.548,-163.483,8.553,17,-20,2
1758119129.6727705,130.542,-163.546,15.788,17,-20,3
1758119132.726795,130.27100000000002,-163.109,24.128999999999998,17,-20,4
1758119135.8118062,130.721,-162.776,32.49499999999999,17,-20,5
1758119138.8838131,130.64100000000002,-162.757,40.521,17,-20,6
1758119141.952105,130.575,-162.29199999999997,49.36000000000001,17,-20,7
1758119145.0204525,130.83499999999998,-162.29099999999997,57.373000000000005,17,-20,8
1758119148.090939,130.71599999999998,-162.18800000000002,65.58000000000001,17,-20,9
1758119151.1591103,130.807,-161.70999999999998,74.72999999999999,17,-20,10
1758119154.2284675,130.702,-161.19299999999998,82.684,17,-20,11
1758119157.295432,130.826,-161.38400000000001,90.90700000000001,17,-20,12
1758119160.3615077,131.083,-161.1,99.42500000000001,17,-20,13
1758119163.3436887,131.172,-161.105,107.00900000000001,17,-20,14
1758119166.406265,131.089,-160.591,116.449,17,-20,15
1758119169.488941,131.092,-160.44,124.49600000000001,17,-20,16
1758119172.560417,130.83700000000005,-160.31,133.162,17,-20,17
1758119175.628751,131.21500000000003,-159.902,142.03699999999998,17,-20,18
1758119178.697427,131.35,-159.55400000000003,149.39499999999998,17,-20,19
1758119181.7673652,131.54799999999997,-159.296,158.185,17,-20,20
1758119184.840643,129.461,-162.647,-176.78400000000002,17,-19,-20
1758119187.905526,129.69799999999998,-162.625,-168.301,17,-19,-19
1758119190.9748003,129.174,-162.496,-160.048,17,-19,-18
1758119194.0583992,129.78400000000002,-161.50300000000001,-150.902,17,-19,-17
1758119197.1307974,129.85700000000003,-161.20999999999998,-142.592,17,-19,-16
1758119200.1991675,130.00300000000001,-160.975,-134.326,17,-19,-15
1758119203.2674,130.01500000000001,-160.76399999999998,-125.614,17,-19,-14
1758119206.3388064,130.038,-160.43,-117.295,17,-19,-13
1758119209.405188,130.262,-160.38400000000001,-108.189,17,-19,-12
1758119212.4764552,130.143,-160.19099999999997,-100.096,17,-19,-11
1758119215.449641,130.471,-159.648,-91.35799999999999,17,-19,-10
1758119218.5163321,130.229,-159.588,-82.73700000000001,17,-19,-9
1758119221.5984204,129.959,-159.13899999999998,-73.773,17,-19,-8
1758119224.666774,130.227,-159.229,-65.8,17,-19,-7
1758119227.7395875,130.436,-158.68400000000003,-57.149,17,-19,-6
1758119230.8085139,130.656,-158.171,-48.438,17,-19,-5
1758119233.8775692,130.638,-158.09199999999998,-40.088,17,-19,-4
1758119236.9496217,130.73000000000002,-157.394,-31.526999999999997,17,-19,-3
1758119240.0149398,130.86499999999998,-156.891,-22.552999999999997,17,-19,-2
1758119243.0843008,130.736,-156.93099999999998,-14.161000000000001,17,-19,-1
1758119246.1565914,130.668,-156.782,-5.522,17,-19,0
1758119249.2248428,130.81,-156.406,-0.20600000000000002,17,-19,1
1758119252.2938976,130.943,-156.28399999999996,7.353,17,-19,2
1758119255.364545,130.75,-156.304,15.472999999999999,17,-19,3
1758119258.4323637,130.73399999999998,-156.172,22.424,17,-19,4
1758119261.5016797,131.265,-155.866,29.771000000000004,17,-19,5
1758119264.5720518,131.09399999999997,-155.377,38.759,17,-19,6
1758119267.6410844,131.017,-155.43,46.995000000000005,17,-19,7
1758119270.7079568,131.038,-155.023,54.96200000000001,17,-19,8
1758119273.7767317,130.897,-154.869,63.32499999999999,17,-19,9
1758119276.8468363,130.98200000000003,-154.56799999999998,71.023,17,-19,10
1758119279.8194437,131.37100000000004,-154.60299999999998,79.691,17,-19,11
1758119282.8855934,131.349,-154.012,88.36999999999999,17,-19,12
1758119285.9687488,131.365,-153.583,96.299,17,-19,13
1758119289.0380874,131.571,-153.565,103.924,17,-19,14
1758119292.1092396,131.428,-153.35200000000003,115.696,17,-19,15
1758119295.1780438,131.167,-152.96099999999998,123.952,17,-19,16
1758119298.2466314,131.283,-152.77599999999998,131.13400000000001,17,-19,17
1758119301.3159778,131.68400000000003,-152.53599999999997,139.67200000000003,17,-19,18
1758119304.3878953,131.62,-152.36200000000002,150.411,17,-19,19
1758119307.4545362,131.364,-151.901,158.578,17,-19,20
1758119310.5396338,129.74300000000002,-155.05,-177.241,17,-18,-20
1758119313.6140332,129.73099999999997,-154.754,-168.25300000000001,17,-18,-19
1758119316.678386,129.928,-154.47700000000003,-160.36699999999996,17,-18,-18
1758119319.7542996,129.868,-154.30100000000002,-151.89100000000002,17,-18,-17
1758119322.8185637,130.10199999999998,-154.195,-143.28299999999996,17,-18,-16
1758119325.9005663,130.12,-153.98000000000002,-134.739,17,-18,-15
1758119328.9729002,130.169,-153.72,-126.45,17,-18,-14
1758119332.040852,129.945,-153.58,-117.61799999999998,17,-18,-13
1758119335.11279,129.84099999999998,-153.582,-108.94300000000001,17,-18,-12
1758119338.1789374,130.033,-153.11299999999997,-100.36000000000001,17,-18,-11
1758119341.2511826,130.115,-152.727,-91.811,17,-18,-10
1758119344.3222466,130.01600000000002,-152.438,-83.27799999999999,17,-18,-9
1758119347.3890698,130.316,-152.319,-74.71200000000002,17,-18,-8
1758119350.4594033,130.562,-152.031,-65.943,17,-18,-7
1758119353.5271623,130.289,-151.99099999999999,-56.86499999999999,17,-18,-6
1758119356.5985308,130.873,-151.71800000000002,-48.489,17,-18,-5
1758119359.6800747,130.571,-151.317,-40.095000000000006,17,-18,-4
1758119362.751481,130.701,-151.223,-32.07000000000001,17,-18,-3
1758119365.8177457,130.558,-151.023,-22.878000000000004,17,-18,-2
1758119368.8891947,130.56400000000002,-150.552,-14.109,17,-18,-1
1758119371.9584153,130.787,-150.548,-5.773000000000001,17,-18,0
1758119375.0297124,130.69400000000002,-149.93800000000002,1.0490000000000002,17,-18,1
1758119378.0846965,130.749,-149.652,9.072,17,-18,2
1758119381.1653812,130.725,-149.73000000000002,16.833000000000002,17,-18,3
1758119384.2370923,130.773,-149.317,24.868000000000002,17,-18,4
1758119387.307541,131.094,-149.20600000000002,32.831,17,-18,5
1758119390.3749213,131.22099999999998,-149.142,41.282,17,-18,6
1758119393.4431632,131.325,-149.017,48.751,17,-18,7
1758119396.5104403,131.225,-148.92100000000002,56.64699999999999,17,-18,8
1758119399.5829628,131.027,-148.58200000000002,63.58399999999999,17,-18,9
1758119402.6496553,131.49199999999996,-148.24499999999998,71.62100000000001,17,-18,10
1758119405.7205615,131.28,-148.089,80.421,17,-18,11
1758119408.7868207,131.37500000000003,-147.48399999999998,89.45400000000001,17,-18,12
1758119411.8628533,131.51999999999998,-147.051,97.781,17,-18,13
1758119414.9309754,131.476,-147.299,106.72900000000001,17,-18,14
1758119418.0142238,131.695,-147.001,115.62100000000001,17,-18,15
1758119421.0762596,131.893,-146.151,125.941,17,-18,16
1758119424.0436642,124.40899999999999,-146.058,133.80599999999998,17,-18,17
1758119427.014236,131.744,-145.85899999999998,142.00600000000003,17,-18,18
1758119429.9930103,126.924,-145.519,150.038,17,-18,19
1758119433.0592575,132.11999999999998,-145.454,160.80799999999996,17,-18,20
1758119436.129043,129.974,-148.839,-176.903,17,-17,-20
1758119439.1983879,130.13700000000003,-148.395,-167.801,17,-17,-19
1758119442.283487,130.159,-148.32,-159.26399999999998,17,-17,-18
1758119445.35049,130.185,-147.819,-150.722,17,-17,-17
1758119448.4202003,130.376,-147.204,-142.284,17,-17,-16
1758119451.4915357,130.368,-147.081,-133.756,17,-17,-15
1758119454.5604277,130.37900000000002,-147.20499999999998,-125.575,17,-17,-14
1758119457.6277492,130.35,-146.955,-117.263,17,-17,-13
1758119460.7029653,130.34100000000004,-146.584,-108.648,17,-17,-12
1758119463.7816696,130.546,-146.49,-100.19200000000001,17,-17,-11
1758119466.8541942,130.741,-145.79199999999997,-91.50800000000001,17,-17,-10
1758119469.9238148,130.663,-145.903,-83.16999999999999,17,-17,-9
1758119472.9942803,130.71099999999998,-145.964,-74.651,17,-17,-8
1758119476.0649476,130.51200000000003,-145.617,-65.25899999999999,17,-17,-7
1758119479.1359022,130.959,-145.274,-56.589,17,-17,-6
1758119482.2002218,130.88799999999998,-144.88400000000001,-48.265,17,-17,-5
1758119485.2715683,130.848,-144.671,-39.689,17,-17,-4
1758119488.3347447,130.957,-144.04899999999998,-30.853,17,-17,-3
1758119491.4076712,130.95100000000002,-144.225,-22.305,17,-17,-2
1758119494.38371,123.748,-143.89399999999998,-13.796000000000001,17,-17,-1
1758119497.44542,131.123,-143.302,-5.35,17,-17,0
1758119500.512207,131.26500000000001,-143.57700000000003,0.6040000000000001,17,-17,1
1758119503.5851061,131.24099999999999,-143.29600000000002,7.379,17,-17,2
1758119506.6502244,131.22099999999998,-143.28,16.455999999999996,17,-17,3
1758119509.7240603,131.53,-143.17299999999997,24.173,17,-17,4
1758119512.7894611,131.22899999999998,-142.59700000000004,32.17999999999999,17,-17,5
1758119515.8608258,131.29899999999998,-142.547,40.31999999999999,17,-17,6
1758119518.930211,131.37499999999997,-142.082,47.657999999999994,17,-17,7
1758119522.0122812,131.333,-141.976,55.32099999999999,17,-17,8
1758119525.0719767,131.31799999999998,-142.00600000000003,63.32399999999999,17,-17,9
1758119528.1395392,131.623,-141.85700000000003,71.73299999999999,17,-17,10
1758119531.2263532,131.56599999999997,-141.48499999999999,80.08500000000001,17,-17,11
1758119534.2936423,131.544,-141.307,89.33600000000001,17,-17,12
1758119537.3548422,131.63299999999998,-140.964,97.24600000000001,17,-17,13
1758119540.4292626,131.546,-140.70600000000002,105.275,17,-17,14
1758119543.501723,131.559,-140.58200000000002,112.978,17,-17,15
1758119546.5683658,131.64,-140.101,121.973,17,-17,16
1758119549.6520417,131.85100000000003,-139.83599999999998,129.948,17,-17,17
1758119552.7223914,131.90800000000002,-139.773,140.36700000000002,17,-17,18
1758119555.7955287,132.03900000000002,-139.561,149.61399999999998,17,-17,19
1758119558.863999,131.606,-138.934,159.099,17,-17,20
1758119561.9307702,129.849,-142.70699999999997,-177.377,17,-16,-20
1758119564.9997125,129.969,-142.252,-169.23499999999996,17,-16,-19
1758119568.082281,130.123,-142.098,-160.56,17,-16,-18
1758119571.1547022,129.89600000000002,-141.66800000000003,-151.792,17,-16,-17
1758119574.2236521,130.042,-141.63000000000002,-143.15099999999998,17,-16,-16
1758119577.2958057,130.06699999999998,-141.23100000000002,-134.505,17,-16,-15
1758119580.366097,130.11700000000002,-140.94,-126.46900000000001,17,-16,-14
1758119583.437734,130.197,-140.73700000000002,-117.76000000000002,17,-16,-13
1758119586.5048885,130.373,-140.479,-108.95800000000001,17,-16,-12
1758119589.574354,130.23399999999998,-140.034,-100.62100000000001,17,-16,-11
1758119592.6411324,130.53699999999998,-139.98899999999998,-91.74600000000001,17,-16,-10
1758119595.7114398,130.54800000000003,-139.72200000000004,-83.112,17,-16,-9
1758119598.7868986,130.458,-139.447,-74.55999999999999,17,-16,-8
1758119601.8664105,130.299,-139.147,-66.19200000000001,17,-16,-7
1758119604.9326124,130.649,-139.111,-57.173,17,-16,-6
1758119608.0065129,130.651,-138.532,-48.864999999999995,17,-16,-5
1758119611.0738869,130.55900000000003,-138.626,-39.80800000000001,17,-16,-4
1758119614.1437476,130.638,-138.329,-31.337,17,-16,-3
1758119617.2130766,130.842,-138.147,-22.157999999999998,17,-16,-2
1758119620.2788084,130.716,-137.828,-14.132,17,-16,-1
1758119623.3511202,130.776,-137.316,-5.667,17,-16,0
1758119626.4210472,130.913,-137.2,0.049999999999999996,17,-16,1
1758119629.4923267,131.002,-136.90799999999996,6.710000000000001,17,-16,2
1758119632.559197,130.97600000000003,-136.76500000000001,13.679999999999998,17,-16,3
1758119635.62908,131.223,-136.724,22.187999999999995,17,-16,4
1758119638.6968594,131.18,-136.648,29.510999999999996,17,-16,5
1758119641.768175,131.1,-136.227,37.36,17,-16,6
1758119644.8349144,131.122,-136.11100000000002,46.51,17,-16,7
1758119647.9047868,130.988,-135.793,54.748000000000005,17,-16,8
1758119650.9892833,131.39600000000002,-135.454,62.85600000000001,17,-16,9
1758119654.0434542,131.40200000000002,-135.109,73.21799999999999,17,-16,10
1758119657.1245272,131.518,-134.565,82.005,17,-16,11
1758119660.1826334,131.682,-134.401,89.65400000000002,17,-16,12
1758119663.2637422,131.78400000000002,-134.166,99.29400000000001,17,-16,13
1758119666.3352025,131.87800000000001,-133.829,107.81599999999999,17,-16,14
1758119669.403887,131.64499999999998,-133.50099999999998,116.11599999999999,17,-16,15
1758119672.3743756,118.47600000000003,-133.61,124.424,17,-16,16
1758119675.4375284,131.673,-132.80900000000003,132.93400000000003,17,-16,17
1758119678.4141376,131.884,-132.989,141.61,17,-16,18
1758119681.481941,132.055,-132.575,150.711,17,-16,19
1758119684.56555,132.147,-132.275,158.06099999999998,17,-16,20
1758119687.6364233,130.173,-135.71200000000002,-177.652,17,-15,-20
1758119690.7043014,129.95999999999998,-135.666,-169.172,17,-15,-19
1758119693.7726235,129.96200000000002,-135.44,-160.402,17,-15,-18
1758119696.8476422,130.06,-135.056,-151.3,17,-15,-17
1758119699.9138355,130.366,-134.363,-143.512,17,-15,-16
1758119702.9857721,130.382,-134.34,-135.198,17,-15,-15
1758119706.0520165,130.217,-133.858,-126.928,17,-15,-14
1758119709.1351314,130.676,-133.643,-117.83099999999999,17,-15,-13
1758119712.2089238,130.316,-133.257,-109.468,17,-15,-12
1758119715.2730312,130.82200000000003,-133.233,-100.29499999999999,17,-15,-11
1758119718.3482654,131.02800000000002,-132.92800000000003,-92.232,17,-15,-10
1758119721.4160597,130.779,-132.55600000000004,-83.56,17,-15,-9
1758119724.4863389,130.81400000000002,-132.51600000000002,-74.44300000000001,17,-15,-8
1758119727.5542166,130.65,-132.33499999999998,-65.476,17,-15,-7
1758119730.6234107,130.64499999999998,-132.176,-57.387,17,-15,-6
1758119733.6917772,131.135,-131.63600000000002,-49.369,17,-15,-5
1758119736.7641165,130.79200000000003,-131.773,-40.843,17,-15,-4
1758119739.8303685,130.86200000000002,-131.305,-31.3,17,-15,-3
1758119742.9125092,130.92,-131.23200000000003,-23.310000000000002,17,-15,-2
1758119745.9853683,131.04799999999997,-131.268,-15.028,17,-15,-1
1758119749.0526476,130.911,-130.836,-6.358,17,-15,0
1758119752.110817,130.99399999999997,-130.37099999999998,0.24899999999999994,17,-15,1
1758119755.1764805,131.068,-130.315,7.948,17,-15,2
1758119758.2596707,131.137,-130.086,15.708000000000002,17,-15,3
1758119761.3284552,131.12899999999996,-130.05100000000002,24.817999999999998,17,-15,4
1758119764.401329,131.28500000000003,-129.853,32.727000000000004,17,-15,5
1758119767.468266,131.29000000000002,-129.278,40.63,17,-15,6
1758119770.5390522,131.199,-128.757,49.19,17,-15,7
1758119773.6093855,131.14600000000002,-128.77,57.17999999999999,17,-15,8
1758119776.6762636,131.363,-128.531,65.288,17,-15,9
1758119779.7444327,131.515,-128.242,73.672,17,-15,10
1758119782.8143373,131.537,-127.91900000000003,81.517,17,-15,11
1758119785.882601,131.628,-127.64799999999998,90.24499999999999,17,-15,12
1758119788.9533112,131.752,-127.55699999999999,96.24000000000001,17,-15,13
1758119792.024298,132.02700000000002,-127.05200000000002,106.64599999999999,17,-15,14
1758119795.0941238,131.825,-126.77799999999999,114.22900000000001,17,-15,15
1758119798.180951,131.744,-126.53,121.696,17,-15,16
1758119801.2485943,131.697,-126.24299999999998,131.84499999999997,17,-15,17
1758119804.316367,132.03,-126.085,139.102,17,-15,18
1758119807.387343,132.402,-126.022,147.77499999999998,17,-15,19
1758119810.4530606,132.369,-125.80999999999999,156.97099999999998,17,-15,20
1758119813.5401244,130.303,-129.19699999999997,-178.977,17,-14,-20
1758119816.5974908,130.505,-128.8,-169.844,17,-14,-19
1758119819.67862,130.061,-128.63899999999998,-161.404,17,-14,-18
1758119822.7512815,130.606,-128.391,-152.502,17,-14,-17
1758119825.8249915,130.70300000000003,-128.22,-143.977,17,-14,-16
1758119828.887902,130.685,-128.034,-136.19899999999998,17,-14,-15
1758119831.9566734,130.816,-127.54499999999999,-127.415,17,-14,-14
1758119835.0308425,130.80499999999998,-127.495,-118.60999999999999,17,-14,-13
1758119838.1032436,131.102,-127.303,-110.00900000000001,17,-14,-12
1758119841.1707077,130.916,-126.829,-101.306,17,-14,-11
1758119844.2430701,131.14900000000003,-126.40400000000002,-92.87199999999999,17,-14,-10
1758119847.219281,118.95899999999999,-126.28599999999999,-84.554,17,-14,-9
1758119850.2851923,131.21999999999997,-126.17500000000003,-75.465,17,-14,-8
1758119853.357002,131.328,-126.09299999999999,-66.703,17,-14,-7
1758119856.4273536,131.7,-125.86099999999999,-57.934000000000005,17,-14,-6
1758119859.498281,131.746,-125.266,-49.473,17,-14,-5
1758119862.5618842,131.80200000000002,-124.98100000000002,-40.384,17,-14,-4
1758119865.5354948,121.779,-124.947,-32.182,17,-14,-3
1758119868.6024048,131.62899999999996,-124.61299999999999,-23.609,17,-14,-2
1758119871.6730914,131.765,-124.498,-14.688999999999998,17,-14,-1
1758119874.741481,131.41299999999998,-124.36100000000002,-5.878,17,-14,0
1758119877.8133833,131.30800000000002,-123.91600000000001,-0.13199999999999998,17,-14,1
1758119880.8831909,131.315,-123.73200000000001,7.425,17,-14,2
1758119883.9513211,131.755,-123.405,15.239,17,-14,3
1758119887.0196426,131.87499999999997,-123.22600000000003,22.680999999999997,17,-14,4
1758119890.0875347,132.207,-123.30199999999999,31.076,17,-14,5
1758119893.158943,131.982,-123.13600000000001,38.86899999999999,17,-14,6
1758119896.237872,131.951,-122.894,47.888999999999996,17,-14,7
1758119899.2985911,131.972,-122.874,56.102,17,-14,8
1758119902.3663197,131.967,-122.54700000000003,65.08900000000001,17,-14,9
1758119905.448436,131.791,-122.18699999999998,74.335,17,-14,10
1758119908.5176885,132.253,-122.143,81.78599999999999,17,-14,11
1758119911.58859,132.04299999999998,-121.79400000000001,90.68800000000002,17,-14,12
1758119914.6599991,132.37599999999998,-121.628,98.448,17,-14,13
1758119917.7242272,132.26600000000002,-121.03099999999999,106.127,17,-14,14
1758119920.698797,119.049,-120.87,114.58600000000001,17,-14,15
1758119923.7670977,132.32399999999998,-120.95700000000002,123.19299999999998,17,-14,16
1758119926.8334198,132.31199999999998,-120.521,132.25,17,-14,17
1758119929.9175198,132.69699999999997,-120.13700000000001,140.54000000000002,17,-14,18
1758119932.9887552,132.295,-119.97999999999999,148.787,17,-14,19
1758119936.0450065,132.565,-119.473,156.772,17,-14,20
1758119939.126998,130.42100000000002,-123.037,-177.901,17,-13,-20
1758119942.1973822,130.144,-122.81799999999998,-170.04199999999997,17,-13,-19
1758119945.2672355,130.551,-122.70699999999997,-160.733,17,-13,-18
1758119948.338195,130.55299999999997,-122.85500000000002,-152.42200000000003,17,-13,-17
1758119951.4061885,130.277,-122.56599999999999,-144.393,17,-13,-16
1758119954.4763374,130.874,-122.27200000000002,-136.10399999999998,17,-13,-15
1758119957.559622,130.79799999999997,-121.853,-127.41100000000002,17,-13,-14
1758119960.628813,130.82100000000003,-121.53200000000001,-118.782,17,-13,-13
1758119963.7011902,131.07099999999997,-121.402,-110.33399999999999,17,-13,-12
1758119966.7687879,131.176,-120.998,-101.212,17,-13,-11
1758119969.8401704,130.971,-120.78900000000002,-92.88399999999999,17,-13,-10
1758119972.9095623,131.04700000000003,-120.61000000000001,-83.52199999999999,17,-13,-9
1758119975.975751,131.25,-120.04900000000002,-75.35,17,-13,-8
1758119979.0600295,131.14799999999997,-119.46100000000001,-66.93299999999999,17,-13,-7
1758119982.1145408,131.12999999999997,-119.60499999999999,-57.838,17,-13,-6
1758119985.1868873,131.332,-119.52500000000002,-49.14,17,-13,-5
1758119988.2632833,131.573,-119.26599999999999,-40.346999999999994,17,-13,-4
1758119991.3388727,131.637,-119.15799999999999,-32.022999999999996,17,-13,-3
1758119994.406731,131.608,-118.75999999999999,-23.139000000000003,17,-13,-2
1758119997.4775524,131.783,-118.55,-14.356,17,-13,-1
1758120000.5503232,131.718,-118.244,-6.152,17,-13,0
1758120003.6142302,131.933,-117.83700000000002,-1.0119999999999998,17,-13,1
1758120006.68549,131.887,-117.70999999999997,6.217,17,-13,2
1758120009.7559125,131.763,-117.55700000000002,15.035,17,-13,3
1758120012.823595,132.26500000000001,-117.25600000000001,23.12,17,-13,4
1758120015.8918326,131.97899999999998,-116.833,31.260999999999996,17,-13,5
1758120018.96489,132.344,-116.65599999999999,38.579,17,-13,6
1758120022.0311131,132.132,-116.31700000000001,47.588,17,-13,7
1758120025.1023917,132.45499999999998,-116.498,55.748000000000005,17,-13,8
1758120028.1799905,132.17000000000002,-115.87900000000002,63.943,17,-13,9
1758120031.2368743,132.36900000000003,-115.49599999999998,72.684,17,-13,10
1758120034.321119,132.39300000000003,-115.199,82.21200000000002,17,-13,11
1758120037.3944826,132.295,-115.01299999999999,90.71499999999999,17,-13,12
1758120040.4498217,132.244,-114.69599999999998,99.03100000000002,17,-13,13
1758120043.5281744,132.31900000000002,-114.864,107.22,17,-13,14
1758120046.601484,132.67900000000003,-114.32399999999998,115.74199999999999,17,-13,15
1758120049.6691177,132.562,-113.912,124.477,17,-13,16
1758120052.7371192,132.452,-113.924,131.045,17,-13,17
1758120055.8075404,132.74699999999999,-113.429,139.09499999999997,17,-13,18
1758120058.7827141,132.68200000000002,-113.42999999999999,148.102,17,-13,19
1758120061.8601656,132.929,-113.101,157.521,17,-13,20
1758120064.933522,130.98700000000002,-116.73399999999997,-178.304,17,-12,-20
1758120068.0034673,131.446,-116.631,-169.551,17,-12,-19
1758120071.0671744,131.325,-116.03299999999999,-161.29899999999998,17,-12,-18
1758120074.142551,131.182,-115.99299999999998,-152.723,17,-12,-17
1758120077.2087753,131.363,-115.64500000000001,-143.84699999999998,17,-12,-16
1758120080.2921512,131.589,-115.28599999999999,-135.604,17,-12,-15
1758120083.365136,131.33300000000003,-114.98200000000001,-127.05099999999997,17,-12,-14
1758120086.4361358,131.55599999999998,-115.006,-118.655,17,-12,-13
1758120089.5044143,131.54500000000002,-114.431,-110.322,17,-12,-12
1758120092.5713034,131.86900000000003,-113.84,-101.37799999999999,17,-12,-11
1758120095.6410918,131.75,-113.70600000000002,-92.823,17,-12,-10
1758120098.7129366,131.70800000000003,-113.58899999999998,-84.086,17,-12,-9
1758120101.7807028,131.86500000000004,-113.34200000000001,-75.58200000000001,17,-12,-8
1758120104.848532,131.83999999999997,-113.223,-66.517,17,-12,-7
1758120107.917333,132.055,-112.744,-58.18299999999999,17,-12,-6
1758120111.0008917,132.04799999999997,-112.71900000000001,-49.827000000000005,17,-12,-5
1758120114.0714052,132.011,-112.471,-40.541,17,-12,-4
1758120117.1427362,131.845,-111.768,-31.994,17,-12,-3
1758120120.2125893,131.80700000000002,-111.724,-23.52,17,-12,-2
1758120123.280104,132.004,-111.54099999999998,-14.983,17,-12,-1
1758120126.3497548,132.065,-111.22,-6.7379999999999995,17,-12,0
1758120129.4192884,132.284,-110.78599999999999,-1.064,17,-12,1
1758120132.4898953,132.108,-110.654,4.888999999999999,17,-12,2
1758120135.5588357,132.05100000000002,-110.31699999999998,13.761,17,-12,3
1758120138.6275954,132.135,-110.28299999999999,21.533,17,-12,4
1758120141.6937006,132.243,-109.88000000000002,29.127999999999997,17,-12,5
1758120144.6684995,124.60100000000003,-109.85200000000002,34.95399999999999,17,-12,6
1758120147.7376468,132.372,-109.53799999999998,45.545,17,-12,7
1758120150.8064814,132.69199999999998,-109.11799999999998,54.43399999999999,17,-12,8
1758120153.87397,132.455,-108.851,62.725999999999985,17,-12,9
1758120156.9404833,132.47,-108.311,72.456,17,-12,10
1758120160.0124881,132.323,-108.401,80.379,17,-12,11
1758120163.0838034,132.54000000000002,-108.15799999999999,89.61500000000001,17,-12,12
1758120166.149056,132.848,-107.799,98.92099999999999,17,-12,13
1758120169.234159,133.12900000000002,-107.30600000000001,107.06499999999998,17,-12,14
1758120172.3045568,133.145,-107.277,115.1,17,-12,15
1758120175.3749812,133.35999999999999,-107.01199999999999,123.90800000000002,17,-12,16
1758120178.445257,133.25,-106.61499999999998,133.269,17,-12,17
1758120181.514969,133.57,-106.372,142.013,17,-12,18
1758120184.583439,133.42399999999998,-106.245,150.751,17,-12,19
1758120187.652327,133.23700000000002,-105.89500000000001,159.57199999999997,17,-12,20
1758120190.7216237,131.33799999999997,-109.62700000000002,-179.332,17,-11,-20
1758120193.7923508,131.29399999999998,-109.204,-170.98200000000003,17,-11,-19
1758120196.8781111,131.31099999999998,-109.123,-161.95699999999997,17,-11,-18
1758120199.9444315,131.579,-108.851,-153.679,17,-11,-17
1758120203.0106683,131.731,-108.57599999999998,-144.781,17,-11,-16
1758120206.0809653,132.057,-108.35900000000001,-135.921,17,-11,-15
1758120209.0549643,132.063,-108.09999999999998,-127.90600000000002,17,-11,-14
1758120212.1228333,132.04,-107.65899999999999,-119.12100000000001,17,-11,-13
1758120215.2064226,132.06,-107.15500000000002,-110.79400000000001,17,-11,-12
1758120218.2748654,132.162,-107.141,-102.203,17,-11,-11
1758120221.3456907,132.18900000000002,-107.06199999999998,-93.283,17,-11,-10
1758120224.4190104,132.19100000000003,-106.75399999999999,-84.41,17,-11,-9
1758120227.4849076,132.152,-106.399,-75.685,17,-11,-8
1758120230.5588367,132.332,-106.155,-66.965,17,-11,-7
1758120233.621937,132.318,-105.69000000000001,-59.017999999999994,17,-11,-6
1758120236.6938884,132.39100000000002,-105.34099999999998,-49.709999999999994,17,-11,-5
1758120239.764653,132.317,-105.11000000000001,-41.230999999999995,17,-11,-4
1758120242.8335345,132.401,-104.896,-32.141,17,-11,-3
1758120245.8988214,132.45,-104.631,-23.895,17,-11,-2
1758120248.983376,132.55,-104.489,-14.959,17,-11,-1
1758120252.052234,132.82800000000003,-103.984,-6.497,17,-11,0
1758120255.1072638,132.43099999999998,-103.724,0.4720000000000001,17,-11,1
1758120258.1777697,132.857,-103.867,7.199,17,-11,2
1758120261.246008,132.757,-103.66299999999998,15.318000000000001,17,-11,3
1758120264.2179217,132.816,-103.043,23.133,17,-11,4
1758120267.2974162,132.958,-102.973,31.047000000000004,17,-11,5
1758120270.3702826,132.668,-102.843,39.069,17,-11,6
1758120273.4263597,132.99,-102.75800000000001,47.007000000000005,17,-11,7
1758120276.5074565,133.04799999999997,-102.30300000000001,54.43299999999999,17,-11,8
1758120279.576813,133.29799999999997,-102.36500000000001,63.720000000000006,17,-11,9
1758120282.6486115,133.494,-101.75500000000001,73.33500000000001,17,-11,10
1758120285.7128737,133.45600000000002,-101.697,80.89599999999999,17,-11,11
1758120288.7858675,133.48399999999998,-101.39200000000001,89.293,17,-11,12
1758120291.8500373,133.638,-101.445,96.804,17,-11,13
1758120294.9248574,133.61100000000002,-100.81700000000001,105.27399999999997,17,-11,14
1758120297.9943943,133.53699999999998,-100.85499999999999,114.45599999999999,17,-11,15
1758120301.0642083,133.56699999999998,-100.80799999999999,122.06800000000001,17,-11,16
1758120304.1350014,133.614,-100.39,131.852,17,-11,17
1758120307.2186625,133.42,-100.08999999999999,139.947,17,-11,18
1758120310.2859333,133.823,-99.724,149.538,17,-11,19
1758120313.359854,133.84500000000003,-99.357,159.03799999999998,17,-11,20
1758120316.4262152,131.567,-102.894,-179.77899999999997,17,-10,-20
1758120319.4954596,131.453,-102.657,-171.20700000000002,17,-10,-19
1758120322.5642717,131.969,-102.27799999999999,-162.00499999999997,17,-10,-18
1758120325.6340027,131.722,-102.227,-154.043,17,-10,-17
1758120328.716532,131.974,-102.119,-145.22299999999998,17,-10,-16
1758120331.7834692,132.119,-101.632,-136.99200000000002,17,-10,-15
1758120334.8558693,131.89899999999997,-101.43500000000002,-128.324,17,-10,-14
1758120337.9252443,131.924,-100.87100000000001,-119.63200000000002,17,-10,-13
1758120340.995036,132.10200000000003,-100.79,-111.06199999999998,17,-10,-12
1758120344.0791588,132.324,-100.63300000000001,-102.64000000000001,17,-10,-11
1758120347.1362627,132.783,-100.586,-93.721,17,-10,-10
1758120350.204055,132.03500000000003,-100.22399999999999,-85.21900000000001,17,-10,-9
1758120353.2718906,131.88400000000001,-99.94300000000001,-76.347,17,-10,-8
1758120356.354415,132.102,-99.944,-67.43199999999999,17,-10,-7
1758120359.4121256,132.079,-99.276,-59.105,17,-10,-6
1758120362.492605,132.13299999999998,-98.87199999999999,-50.199,17,-10,-5
1758120365.5532684,132.15800000000004,-98.80500000000002,-40.842999999999996,17,-10,-4
1758120368.6195667,132.452,-98.47999999999999,-32.09400000000001,17,-10,-3
1758120371.6883335,132.44599999999997,-98.22299999999998,-24.074,17,-10,-2
1758120374.7581732,132.544,-98.023,-15.591000000000003,17,-10,-1
1758120377.8239274,132.519,-97.665,-7.023999999999999,17,-10,0
1758120380.7990527,132.481,-97.07400000000001,0.13299999999999998,17,-10,1
1758120383.864383,132.412,-96.80999999999999,7.702,17,-10,2
1758120386.931515,132.47,-96.94300000000001,15.364999999999998,17,-10,3
1758120390.001323,132.869,-96.715,23.278000000000002,17,-10,4
1758120393.071172,132.85,-96.564,31.467000000000002,17,-10,5
1758120396.1407156,133.026,-96.40500000000002,39.269999999999996,17,-10,6
1758120399.2112937,132.883,-96.287,48.128,17,-10,7
1758120402.280685,132.72700000000003,-96.076,56.16700000000001,17,-10,8
1758120405.3484375,132.876,-96.068,63.732000000000006,17,-10,9
1758120408.416974,132.862,-95.46199999999997,72.85499999999999,17,-10,10
1758120411.4861135,133.16400000000002,-95.21799999999999,80.96200000000002,17,-10,11
1758120414.5549955,133.59499999999997,-95.02600000000001,88.089,17,-10,12
1758120417.6262858,133.329,-94.82000000000001,95.27799999999999,17,-10,13
1758120420.6930995,133.384,-94.57799999999999,104.00999999999999,17,-10,14
1758120423.765514,133.48600000000002,-94.296,112.51999999999998,17,-10,15
1758120426.8328424,133.507,-93.98400000000001,120.68299999999999,17,-10,16
1758120429.9019861,133.598,-93.73499999999999,130.08700000000002,17,-10,17
1758120432.970893,133.585,-93.34299999999999,138.35899999999998,17,-10,18
1758120436.0382707,133.79700000000003,-93.289,146.189,17,-10,19
1758120439.1100237,134.022,-93.18000000000002,155.058,17,-10,20
1758120443.6075146,0.0,0.0,0.0,17,-9,-20
